{
	"credit": "Made with Blockbench",
	"textures": {
		"0": "glasses",
		"1": "glass",
		"2": "glasst",
		"particle": "glasses"
	},
	"elements": [
		{
			"from": [2.5, 2, 12],
			"to": [7, 3, 13],
			"faces": {
				"north": {"uv": [4, 8, 9, 9], "texture": "#0"},
				"east": {"uv": [13, 8, 14, 9], "texture": "#0"},
				"south": {"uv": [9, 0, 14, 1], "texture": "#0"},
				"west": {"uv": [9, 13, 10, 14], "texture": "#0"},
				"up": {"uv": [14, 2, 9, 1], "texture": "#0"},
				"down": {"uv": [9, 9, 4, 10], "texture": "#0"}
			}
		},
		{
			"from": [10, 2, 12],
			"to": [14.5, 3, 13],
			"faces": {
				"north": {"uv": [4, 4, 9, 5], "texture": "#0"},
				"east": {"uv": [13, 3, 14, 4], "texture": "#0"},
				"south": {"uv": [4, 5, 9, 6], "texture": "#0"},
				"west": {"uv": [4, 13, 5, 14], "texture": "#0"},
				"up": {"uv": [9, 7, 4, 6], "texture": "#0"},
				"down": {"uv": [9, 7, 4, 8], "texture": "#0"}
			}
		},
		{
			"from": [14.5, 1, 12],
			"to": [15.5, 2, 13],
			"faces": {
				"north": {"uv": [12, 12, 13, 13], "texture": "#0"},
				"east": {"uv": [0, 13, 1, 14], "texture": "#0"},
				"south": {"uv": [1, 13, 2, 14], "texture": "#0"},
				"west": {"uv": [2, 13, 3, 14], "texture": "#0"},
				"up": {"uv": [14, 3, 13, 2], "texture": "#0"},
				"down": {"uv": [4, 13, 3, 14], "texture": "#0"}
			}
		},
		{
			"from": [14.5, 0, 4],
			"to": [15.5, 1, 13],
			"faces": {
				"north": {"uv": [12, 2, 13, 3], "texture": "#0"},
				"east": {"uv": [0, 0, 9, 1], "texture": "#0"},
				"south": {"uv": [12, 3, 13, 4], "texture": "#0"},
				"west": {"uv": [0, 1, 9, 2], "texture": "#0"},
				"up": {"uv": [1, 11, 0, 2], "texture": "#0"},
				"down": {"uv": [2, 2, 1, 11], "texture": "#0"}
			}
		},
		{
			"from": [1.5, 1, 12],
			"to": [2.5, 2, 13],
			"faces": {
				"north": {"uv": [13, 9, 14, 10], "texture": "#0"},
				"east": {"uv": [10, 13, 11, 14], "texture": "#0"},
				"south": {"uv": [13, 10, 14, 11], "texture": "#0"},
				"west": {"uv": [11, 13, 12, 14], "texture": "#0"},
				"up": {"uv": [14, 12, 13, 11], "texture": "#0"},
				"down": {"uv": [13, 13, 12, 14], "texture": "#0"}
			}
		},
		{
			"from": [1.5, 0, 4],
			"to": [2.5, 1, 13],
			"faces": {
				"north": {"uv": [13, 12, 14, 13], "texture": "#0"},
				"east": {"uv": [2, 2, 11, 3], "texture": "#0"},
				"south": {"uv": [13, 13, 14, 14], "texture": "#0"},
				"west": {"uv": [2, 3, 11, 4], "texture": "#0"},
				"up": {"uv": [3, 13, 2, 4], "texture": "#0"},
				"down": {"uv": [4, 4, 3, 13], "texture": "#0"}
			}
		},
		{
			"from": [1.5, 1, 1],
			"to": [2.5, 2, 4],
			"faces": {
				"north": {"uv": [0, 14, 1, 15], "texture": "#0"},
				"east": {"uv": [10, 9, 13, 10], "texture": "#0"},
				"south": {"uv": [14, 0, 15, 1], "texture": "#0"},
				"west": {"uv": [10, 10, 13, 11], "texture": "#0"},
				"up": {"uv": [8, 13, 7, 10], "texture": "#0"},
				"down": {"uv": [9, 10, 8, 13], "texture": "#0"}
			}
		},
		{
			"from": [14.5, 1, 1],
			"to": [15.5, 2, 4],
			"faces": {
				"north": {"uv": [9, 12, 10, 13], "texture": "#0"},
				"east": {"uv": [9, 4, 12, 5], "texture": "#0"},
				"south": {"uv": [12, 11, 13, 12], "texture": "#0"},
				"west": {"uv": [9, 5, 12, 6], "texture": "#0"},
				"up": {"uv": [10, 9, 9, 6], "texture": "#0"},
				"down": {"uv": [10, 9, 9, 12], "texture": "#0"}
			}
		},
		{
			"from": [14.5, -1, 0],
			"to": [15.5, 1, 1],
			"faces": {
				"north": {"uv": [0, 11, 1, 13], "texture": "#0"},
				"east": {"uv": [1, 11, 2, 13], "texture": "#0"},
				"south": {"uv": [11, 2, 12, 4], "texture": "#0"},
				"west": {"uv": [4, 11, 5, 13], "texture": "#0"},
				"up": {"uv": [13, 5, 12, 4], "texture": "#0"},
				"down": {"uv": [13, 5, 12, 6], "texture": "#0"}
			}
		},
		{
			"from": [1.5, -1, 0],
			"to": [2.5, 1, 1],
			"faces": {
				"north": {"uv": [5, 11, 6, 13], "texture": "#0"},
				"east": {"uv": [6, 11, 7, 13], "texture": "#0"},
				"south": {"uv": [10, 11, 11, 13], "texture": "#0"},
				"west": {"uv": [11, 11, 12, 13], "texture": "#0"},
				"up": {"uv": [2, 15, 1, 14], "texture": "#0"},
				"down": {"uv": [15, 1, 14, 2], "texture": "#0"}
			}
		},
		{
			"from": [7, 1, 12],
			"to": [10, 2, 13],
			"faces": {
				"north": {"uv": [4, 10, 7, 11], "texture": "#0"},
				"east": {"uv": [13, 7, 14, 8], "texture": "#0"},
				"south": {"uv": [10, 6, 13, 7], "texture": "#0"},
				"west": {"uv": [8, 13, 9, 14], "texture": "#0"},
				"up": {"uv": [13, 8, 10, 7], "texture": "#0"},
				"down": {"uv": [13, 8, 10, 9], "texture": "#0"}
			}
		},
		{
			"from": [8, 0, 12],
			"to": [9, 1, 13],
			"faces": {
				"north": {"uv": [13, 4, 14, 5], "texture": "#0"},
				"east": {"uv": [5, 13, 6, 14], "texture": "#0"},
				"south": {"uv": [13, 5, 14, 6], "texture": "#0"},
				"west": {"uv": [6, 13, 7, 14], "texture": "#0"},
				"up": {"uv": [14, 7, 13, 6], "texture": "#0"},
				"down": {"uv": [8, 13, 7, 14], "texture": "#0"}
			}
		},
		{
			"from": [10, -1.7, 12],
			"to": [14.5, 2, 13],
			"faces": {
				"north": {"uv": [0, 0, 16, 16], "texture": "#2"},
				"east": {"uv": [1, 0, 2, 16], "texture": "#2"},
				"south": {"uv": [0, 0, 16, 16], "texture": "#2"},
				"west": {"uv": [14, 0, 15, 16], "texture": "#2"},
				"up": {"uv": [5, 10, 0, 9], "texture": "#1"},
				"down": {"uv": [10, 9, 5, 10], "texture": "#1"}
			}
		},
		{
			"from": [2.5, -1.7, 12],
			"to": [7, 2, 13],
			"faces": {
				"north": {"uv": [0, 0, 16, 16], "texture": "#2"},
				"east": {"uv": [1, 0, 2, 16], "texture": "#2"},
				"south": {"uv": [0, 0, 16, 16], "texture": "#2"},
				"west": {"uv": [14, 0, 15, 16], "texture": "#2"},
				"up": {"uv": [5, 10, 0, 9], "texture": "#1"},
				"down": {"uv": [10, 9, 5, 10], "texture": "#1"}
			}
		}
	],
	"display": {
		"thirdperson_righthand": {
			"rotation": [-166.43, -20.22, 130.94],
			"translation": [-2.25, 5, 1.25],
			"scale": [0.5, 0.5, 0.5]
		},
		"thirdperson_lefthand": {
			"rotation": [166.65, -1.83, -173.17],
			"translation": [0, 1, 0],
			"scale": [0.15, 0.15, 0.15]
		},
		"firstperson_righthand": {
			"rotation": [0, -159, 0],
			"translation": [0, 6.75, 1.25]
		},
		"firstperson_lefthand": {
			"rotation": [0, -180, 0],
			"translation": [-9.7, 19, 11],
			"scale": [1.3, 1.3, 1.3]
		},
		"ground": {
			"translation": [0, 6, 0]
		},
		"gui": {
			"rotation": [-36, 33, 0],
			"translation": [1, 6, 0]
		},
		"head": {
			"rotation": [0, -180, 0],
			"translation": [0.5, 7.75, -2.5]
		},
		"fixed": {
			"rotation": [-98, 0, 0],
			"translation": [0, 0, -9.75]
		}
	}
}