{
	"credit": "Made with Blockbench",
	"texture_size": [32, 32],
	"textures": {
		"0": "barrel_side",
		"1": "barrel_bottom",
		"2": "beer",
		"particle": "barrel_side"
	},
	"elements": [
		{
			"from": [7, 1, 6],
			"to": [10, 3, 9],
			"faces": {
				"north": {"uv": [6, 0, 12, 4], "texture": "#2"},
				"east": {"uv": [6, 4, 12, 8], "texture": "#2"},
				"south": {"uv": [6, 8, 12, 12], "texture": "#2"},
				"west": {"uv": [0, 12, 6, 16], "texture": "#2"},
				"up": {"uv": [6, 6, 0, 0], "texture": "#2"},
				"down": {"uv": [6, 6, 0, 12], "texture": "#2"}
			}
		},
		{
			"from": [8, 3, 7],
			"to": [10, 4, 9],
			"faces": {
				"north": {"uv": [6, 12, 10, 14], "texture": "#2"},
				"east": {"uv": [12, 8, 16, 10], "texture": "#2"},
				"south": {"uv": [10, 12, 14, 14], "texture": "#2"},
				"west": {"uv": [12, 10, 16, 12], "texture": "#2"},
				"up": {"uv": [16, 4, 12, 0], "texture": "#2"},
				"down": {"uv": [16, 4, 12, 8], "texture": "#2"}
			}
		},
		{
			"from": [6, 0, 5],
			"to": [11, 1, 10],
			"faces": {
				"north": {"uv": [0, 13, 16, 16], "texture": "#0"},
				"east": {"uv": [0, 0, 16, 3], "texture": "#0"},
				"south": {"uv": [0, 13, 16, 16], "texture": "#0"},
				"west": {"uv": [0, 0, 16, 3], "texture": "#0"},
				"up": {"uv": [2.5, 2.5, 0, 0], "texture": "#0"},
				"down": {"uv": [16, 0, 0, 16], "texture": "#1"}
			}
		},
		{
			"from": [6, 1, 6],
			"to": [7, 6, 9],
			"faces": {
				"north": {"uv": [0, 0, 2, 16], "texture": "#0"},
				"east": {"uv": [0, 0, 16, 16], "texture": "#0"},
				"south": {"uv": [14, 0, 16, 16], "texture": "#0"},
				"west": {"uv": [2, 0, 14, 16], "texture": "#0"},
				"up": {"uv": [1, 3, 3, 13], "texture": "#1"},
				"down": {"uv": [0, 0, 16, 16], "texture": "#0"}
			}
		},
		{
			"from": [4, 2, 7],
			"to": [5, 4, 8],
			"faces": {
				"north": {"uv": [0, 3, 2, 5], "texture": "#0"},
				"east": {"uv": [14, 3, 16, 5], "texture": "#0"},
				"south": {"uv": [14, 11, 16, 13], "texture": "#0"},
				"west": {"uv": [0, 11, 2, 13], "texture": "#0"},
				"up": {"uv": [9.5, 6, 9, 5.5], "texture": "#0"},
				"down": {"uv": [9.5, 6, 9, 6.5], "texture": "#0"}
			}
		},
		{
			"from": [4, 1, 7],
			"to": [6, 2, 8],
			"faces": {
				"north": {"uv": [13, 13, 16, 16], "texture": "#0"},
				"east": {"uv": [13, 13, 16, 16], "texture": "#0"},
				"south": {"uv": [13, 13, 16, 16], "texture": "#0"},
				"west": {"uv": [13, 13, 16, 16], "texture": "#0"},
				"up": {"uv": [13, 13, 16, 16], "texture": "#0"},
				"down": {"uv": [13, 13, 16, 16], "texture": "#0"}
			}
		},
		{
			"from": [4, 4, 7],
			"to": [6, 5, 8],
			"faces": {
				"north": {"uv": [13, 13, 16, 16], "texture": "#0"},
				"east": {"uv": [13, 13, 16, 16], "texture": "#0"},
				"south": {"uv": [13, 13, 16, 16], "texture": "#0"},
				"west": {"uv": [13, 13, 16, 16], "texture": "#0"},
				"up": {"uv": [13, 13, 16, 16], "texture": "#0"},
				"down": {"uv": [13, 13, 16, 16], "texture": "#0"}
			}
		},
		{
			"from": [6, 1, 5],
			"to": [11, 6, 6],
			"faces": {
				"north": {"uv": [0, 0, 16, 16], "texture": "#0"},
				"east": {"uv": [0, 0, 2, 16], "texture": "#0"},
				"south": {"uv": [0, 0, 16, 16], "texture": "#0"},
				"west": {"uv": [14, 0, 16, 16], "texture": "#0"},
				"up": {"uv": [15, 3, 1, 1], "texture": "#1"},
				"down": {"uv": [10, 0.5, 8.5, 1], "texture": "#0"}
			}
		},
		{
			"from": [6, 1, 9],
			"to": [11, 6, 10],
			"faces": {
				"north": {"uv": [0, 0, 16, 16], "texture": "#0"},
				"east": {"uv": [14, 0, 16, 16], "texture": "#0"},
				"south": {"uv": [0, 0, 16, 16], "texture": "#0"},
				"west": {"uv": [0, 0, 2, 16], "texture": "#0"},
				"up": {"uv": [15, 15, 1, 13], "texture": "#1"},
				"down": {"uv": [10, 8, 8, 8.5], "texture": "#0"}
			}
		},
		{
			"from": [10, 1, 6],
			"to": [11, 6, 9],
			"faces": {
				"north": {"uv": [3.5, 8, 4, 10.5], "texture": "#0"},
				"east": {"uv": [2, 0, 14, 16], "texture": "#0"},
				"south": {"uv": [4, 8, 4.5, 10.5], "texture": "#0"},
				"west": {"uv": [0, 0, 16, 16], "texture": "#0"},
				"up": {"uv": [3, 13, 1, 3], "texture": "#1"},
				"down": {"uv": [7.5, 8, 7, 10], "texture": "#0"}
			}
		}
	],
	"display": {
		"thirdperson_righthand": {
			"rotation": [0, 90, 0],
			"translation": [0, 3, -3]
		},
		"thirdperson_lefthand": {
			"rotation": [0, -90, 0],
			"translation": [0, 3.75, -2.75]
		},
		"firstperson_righthand": {
			"rotation": [13, 90, 0],
			"translation": [0, 6.75, 1.5],
			"scale": [1.25, 1.25, 1.25]
		},
		"firstperson_lefthand": {
			"rotation": [0, -90, 0],
			"translation": [-1, 6.75, 1.75]
		},
		"ground": {
			"rotation": [90, 0, 0],
			"translation": [0, -2, 4.5]
		},
		"gui": {
			"rotation": [37, 44, 0],
			"translation": [0, 5.5, 0],
			"scale": [1.5, 1.5, 1.5]
		},
		"head": {
			"translation": [0, 16.5, 0],
			"scale": [1.25, 1.25, 1.25]
		},
		"fixed": {
			"rotation": [-90, 90, 0],
			"translation": [1, 0, -16.5],
			"scale": [2, 2, 2]
		}
	},
	"groups": [
		{
			"name": "group",
			"origin": [0, 0, 0],
			"color": 0,
			"nbt": "{}",
			"armAnimationEnabled": false,
			"children": [0, 1]
		},
		{
			"name": "group",
			"origin": [8, 8, 8],
			"color": 0,
			"nbt": "{}",
			"armAnimationEnabled": false,
			"children": [2, 3, 4, 5, 6, 7, 8, 9]
		}
	]
}