{
	"credit": "Made with Blockbench",
	"textures": {
		"0": "spruce_log",
		"1": "pipe",
		"particle": "spruce_log"
	},
	"elements": [
		{
			"from": [8, 3, 2],
			"to": [9, 4, 6],
			"faces": {
				"north": {"uv": [2, 2, 3, 3], "texture": "#1"},
				"east": {"uv": [0, 0, 4, 1], "texture": "#1"},
				"south": {"uv": [2, 3, 3, 4], "texture": "#1"},
				"west": {"uv": [0, 1, 4, 2], "texture": "#1"},
				"up": {"uv": [1, 6, 0, 2], "texture": "#1"},
				"down": {"uv": [2, 2, 1, 6], "texture": "#1"}
			}
		},
		{
			"from": [8, 1, 7.25],
			"to": [9, 2, 10],
			"faces": {
				"north": {"uv": [0, 6, 9, 10], "texture": "#0"},
				"east": {"uv": [0, 0, 16, 8], "texture": "#0"},
				"south": {"uv": [6, 13, 7, 14], "texture": "#missing"},
				"west": {"uv": [0, 8, 16, 16], "texture": "#0"},
				"up": {"uv": [16, 16, 8, 0], "texture": "#0"},
				"down": {"uv": [8, 0, 0, 16], "texture": "#0"}
			}
		},
		{
			"from": [8, 0.75, 8.5],
			"to": [9, 1, 11.25],
			"faces": {
				"north": {"uv": [15, 1, 16, 3], "texture": "#0"},
				"east": {"uv": [0, 15, 16, 16], "texture": "#0"},
				"south": {"uv": [15, 1, 16, 3], "texture": "#0"},
				"west": {"uv": [0, 0, 16, 1], "texture": "#0"},
				"up": {"uv": [10, 10, 9, 7], "texture": "#missing"},
				"down": {"uv": [3, 1, 0, 16], "texture": "#0"}
			}
		},
		{
			"from": [7, 1, 10],
			"to": [10, 1.25, 13],
			"faces": {
				"north": {"uv": [0, 15, 16, 16], "texture": "#0"},
				"east": {"uv": [0, 0, 16, 1], "texture": "#0"},
				"south": {"uv": [0, 15, 16, 16], "texture": "#0"},
				"west": {"uv": [0, 0, 16, 1], "texture": "#0"},
				"up": {"uv": [16, 0, 0, 16], "texture": "#0"},
				"down": {"uv": [16, 0, 0, 16], "texture": "#0"}
			}
		},
		{
			"from": [7, 1.25, 10],
			"to": [7.5, 3.75, 13],
			"faces": {
				"north": {"uv": [13, 0, 16, 16], "texture": "#0"},
				"east": {"uv": [3, 0, 13, 16], "texture": "#0"},
				"south": {"uv": [0, 0, 3, 16], "texture": "#0"},
				"west": {"uv": [3, 0, 13, 16], "texture": "#0"},
				"up": {"uv": [3, 16, 0, 0], "texture": "#0"},
				"down": {"uv": [10, 11, 9, 14], "texture": "#missing"}
			}
		},
		{
			"from": [9.5, 1.25, 10],
			"to": [10, 3.75, 13],
			"faces": {
				"north": {"uv": [0, 0, 3, 16], "texture": "#0"},
				"east": {"uv": [0, 0, 16, 16], "texture": "#0"},
				"south": {"uv": [13, 0, 16, 16], "texture": "#0"},
				"west": {"uv": [0, 0, 16, 16], "texture": "#0"},
				"up": {"uv": [16, 16, 13, 0], "texture": "#0"},
				"down": {"uv": [4, 12, 3, 15], "texture": "#missing"}
			}
		},
		{
			"from": [7.5, 1.25, 10],
			"to": [9.5, 3.75, 10.5],
			"faces": {
				"north": {"uv": [3, 0, 13, 16], "texture": "#0"},
				"east": {"uv": [12, 3, 13, 6], "texture": "#missing"},
				"south": {"uv": [3, 0, 13, 16], "texture": "#0"},
				"west": {"uv": [4, 12, 5, 15], "texture": "#missing"},
				"up": {"uv": [13, 3, 3, 0], "texture": "#0"},
				"down": {"uv": [2, 13, 0, 14], "texture": "#missing"}
			}
		},
		{
			"from": [7.5, 1.25, 12.5],
			"to": [9.5, 3.75, 13],
			"faces": {
				"north": {"uv": [3, 0, 13, 16], "texture": "#0"},
				"east": {"uv": [5, 12, 6, 15], "texture": "#missing"},
				"south": {"uv": [3, 0, 13, 16], "texture": "#0"},
				"west": {"uv": [12, 10, 13, 13], "texture": "#missing"},
				"up": {"uv": [13, 16, 3, 13], "texture": "#0"},
				"down": {"uv": [15, 1, 13, 2], "texture": "#missing"}
			}
		},
		{
			"from": [8, 2, 5.5],
			"to": [9, 3, 8],
			"faces": {
				"north": {"uv": [0, 6, 9, 10], "texture": "#0"},
				"east": {"uv": [0, 0, 16, 8], "texture": "#0"},
				"south": {"uv": [0, 6, 9, 10], "texture": "#0"},
				"west": {"uv": [0, 8, 16, 16], "texture": "#0"},
				"up": {"uv": [16, 16, 8, 0], "texture": "#0"},
				"down": {"uv": [8, 0, 0, 16], "texture": "#0"}
			}
		}
	],
	"display": {
		"thirdperson_righthand": {
			"rotation": [-135, 0, -180],
			"translation": [0, 5.25, 1.5]
		},
		"thirdperson_lefthand": {
			"rotation": [43, -180, 0],
			"translation": [0, 5.75, 0.25]
		},
		"firstperson_righthand": {
			"rotation": [0, -180, 0],
			"translation": [0, 7.5, 2.25]
		},
		"firstperson_lefthand": {
			"rotation": [0, -148, 0],
			"translation": [-13.75, 9.5, 3.25],
			"scale": [1.25, 1.25, 1.25]
		},
		"ground": {
			"rotation": [0, 0, 90],
			"translation": [-3.5, -3.25, 0]
		},
		"gui": {
			"rotation": [41, 129, 0],
			"translation": [0, 6.5, 0],
			"scale": [1.5, 1.5, 1.5]
		},
		"head": {
			"rotation": [-8, 162, 0],
			"translation": [3.25, 0.75, -11.5],
			"scale": [1.25, 1.25, 1.25]
		},
		"fixed": {
			"rotation": [-105, 0, 0],
			"translation": [0, -0.75, -10.25],
			"scale": [1.5, 1.5, 1.5]
		}
	}
}