{
	"credit": "Made with Blockbench",
	"texture_size": [32, 32],
	"textures": {
		"0": "joper",
		"1": "string",
		"particle": "joper"
	},
	"elements": [
		{
			"from": [1, 0, 0],
			"to": [15, 14, 1],
			"faces": {
				"north": {"uv": [2, 2, 4, 4], "texture": "#0"},
				"east": {"uv": [1.5, 2, 2, 4], "texture": "#0"},
				"south": {"uv": [6, 2, 8, 4], "texture": "#0"},
				"west": {"uv": [4, 2, 4.5, 4], "texture": "#0"},
				"up": {"uv": [2, 1.5, 4, 2], "texture": "#0"},
				"down": {"uv": [0, 0, 7, 0.5], "texture": "#missing"}
			}
		},
		{
			"from": [0, 7, 0],
			"to": [1, 8, 15],
			"faces": {
				"north": {"uv": [2, 4, 2.5, 4.5], "texture": "#1"},
				"east": {"uv": [0, 0, 7.5, 0.5], "texture": "#1"},
				"south": {"uv": [2.5, 4, 3, 4.5], "texture": "#1"},
				"west": {"uv": [0, 0.5, 7.5, 1], "texture": "#1"},
				"up": {"uv": [0.5, 8.5, 0, 1], "texture": "#1"},
				"down": {"uv": [1, 1, 0.5, 8.5], "texture": "#1"}
			}
		},
		{
			"from": [15, 7, 0],
			"to": [16, 8, 15],
			"faces": {
				"north": {"uv": [3, 4, 3.5, 4.5], "texture": "#1"},
				"east": {"uv": [1, 1, 8.5, 1.5], "texture": "#1"},
				"south": {"uv": [3.5, 4, 4, 4.5], "texture": "#1"},
				"west": {"uv": [1, 1.5, 8.5, 2], "texture": "#1"},
				"up": {"uv": [1.5, 9.5, 1, 2], "texture": "#1"},
				"down": {"uv": [2, 2, 1.5, 9.5], "texture": "#1"}
			}
		},
		{
			"from": [1, 7, 14],
			"to": [15, 8, 15],
			"faces": {
				"north": {"uv": [2, 2, 9, 2.5], "texture": "#1"},
				"east": {"uv": [4, 4, 4.5, 4.5], "texture": "#1"},
				"south": {"uv": [2, 2.5, 9, 3], "texture": "#1"},
				"west": {"uv": [2, 4.5, 2.5, 5], "texture": "#1"},
				"up": {"uv": [9, 3.5, 2, 3], "texture": "#1"},
				"down": {"uv": [9, 3.5, 2, 4], "texture": "#1"}
			}
		}
	],
	"display": {
		"thirdperson_righthand": {
			"translation": [0, 0, 3.5],
			"scale": [0.5, 0.5, 0.5]
		},
		"thirdperson_lefthand": {
			"translation": [0, -1.5, 3],
			"scale": [0.5, 0.5, 0.5]
		},
		"firstperson_righthand": {
			"translation": [5, 0, 4.25]
		},
		"firstperson_lefthand": {
			"rotation": [-19, -180, 0],
			"translation": [0, 0.75, -14]
		},
		"ground": {
			"rotation": [26, 0, 0],
			"translation": [0, -2.75, 1.75],
			"scale": [0.4, 0.4, 0.4]
		},
		"gui": {
			"rotation": [16, 131, 11],
			"translation": [0.75, 0.75, 0],
			"scale": [0.75, 0.75, 0.75]
		},
		"head": {
			"translation": [0, 1.25, 0.25]
		},
		"fixed": {
			"rotation": [-67, 0, 0],
			"translation": [0.5, 1.75, -4.25]
		}
	},
	"groups": [
		{
			"name": "group",
			"origin": [8, 8, 8],
			"color": 0,
			"nbt": "{}",
			"armAnimationEnabled": false,
			"children": [0]
		},
		1,
		2,
		3
	]
}