{
	"credit": "Made with Blockbench",
	"texture_size": [32, 32],
	"textures": {
		"0": "knife",
		"particle": "knife"
	},
	"elements": [
		{
			"from": [7.25, 6.25, 8.85],
			"to": [8.75, 7.5, 9.1],
			"rotation": {"angle": 0, "axis": "y", "origin": [0, 0, -0.25]},
			"faces": {
				"north": {"uv": [0, 4, 0.75, 4.75], "texture": "#0"},
				"east": {"uv": [0, 6, 0.25, 6.75], "texture": "#0"},
				"south": {"uv": [4, 0, 4.75, 0.75], "texture": "#0"},
				"west": {"uv": [6, 0, 6.25, 0.75], "texture": "#0"},
				"up": {"uv": [1.25, 6.25, 0.5, 6], "texture": "#0"},
				"down": {"uv": [6.75, 1, 6, 1.25], "texture": "#0"}
			}
		},
		{
			"from": [7.25, 7.6, 8.85],
			"to": [8.75, 8.1, 9.1],
			"rotation": {"angle": 0, "axis": "y", "origin": [0, 0, -0.25]},
			"faces": {
				"north": {"uv": [1.5, 6, 2.25, 6.25], "texture": "#0"},
				"east": {"uv": [9.5, 7.5, 9.75, 7.75], "texture": "#0"},
				"south": {"uv": [6, 1.5, 6.75, 1.75], "texture": "#0"},
				"west": {"uv": [8, 9.5, 8.25, 9.75], "texture": "#0"},
				"up": {"uv": [6.75, 2.25, 6, 2], "texture": "#0"},
				"down": {"uv": [3.25, 6, 2.5, 6.25], "texture": "#0"}
			}
		},
		{
			"from": [7.25, 8.2, 8.85],
			"to": [8.75, 8.7, 9.1],
			"rotation": {"angle": 0, "axis": "y", "origin": [0, 0, -0.25]},
			"faces": {
				"north": {"uv": [6, 2.5, 6.75, 2.75], "texture": "#0"},
				"east": {"uv": [8.5, 9.5, 8.75, 9.75], "texture": "#0"},
				"south": {"uv": [6, 3, 6.75, 3.25], "texture": "#0"},
				"west": {"uv": [9, 9.5, 9.25, 9.75], "texture": "#0"},
				"up": {"uv": [6.75, 3.75, 6, 3.5], "texture": "#0"},
				"down": {"uv": [6.75, 4, 6, 4.25], "texture": "#0"}
			}
		},
		{
			"from": [7.5, 7.5, 8.85],
			"to": [8.75, 7.6, 9.1],
			"rotation": {"angle": 0, "axis": "y", "origin": [0, 0, -0.25]},
			"faces": {
				"north": {"uv": [6, 4.5, 6.75, 4.75], "texture": "#0"},
				"east": {"uv": [9.5, 9, 9.75, 9.25], "texture": "#0"},
				"south": {"uv": [6, 5, 6.75, 5.25], "texture": "#0"},
				"west": {"uv": [9.5, 9.5, 9.75, 9.75], "texture": "#0"},
				"up": {"uv": [6.75, 5.75, 6, 5.5], "texture": "#0"},
				"down": {"uv": [6.75, 6, 6, 6.25], "texture": "#0"}
			}
		},
		{
			"from": [7.5, 8.1, 8.85],
			"to": [8.75, 8.2, 9.1],
			"rotation": {"angle": 0, "axis": "y", "origin": [0, 0, -0.25]},
			"faces": {
				"north": {"uv": [6.5, 0, 7.25, 0.25], "texture": "#0"},
				"east": {"uv": [0, 10, 0.25, 10.25], "texture": "#0"},
				"south": {"uv": [0.5, 6.5, 1.25, 6.75], "texture": "#0"},
				"west": {"uv": [0.5, 10, 0.75, 10.25], "texture": "#0"},
				"up": {"uv": [7.25, 0.75, 6.5, 0.5], "texture": "#0"},
				"down": {"uv": [2.25, 6.5, 1.5, 6.75], "texture": "#0"}
			}
		},
		{
			"from": [7.5, 8.7, 8.85],
			"to": [8.75, 8.8, 9.1],
			"rotation": {"angle": 0, "axis": "y", "origin": [0, 0, -0.25]},
			"faces": {
				"north": {"uv": [2.5, 6.5, 3.25, 6.75], "texture": "#0"},
				"east": {"uv": [1, 10, 1.25, 10.25], "texture": "#0"},
				"south": {"uv": [3.5, 6.5, 4.25, 6.75], "texture": "#0"},
				"west": {"uv": [10, 1, 10.25, 1.25], "texture": "#0"},
				"up": {"uv": [5.25, 6.75, 4.5, 6.5], "texture": "#0"},
				"down": {"uv": [6.25, 6.5, 5.5, 6.75], "texture": "#0"}
			}
		},
		{
			"from": [7.25, 8.8, 8.85],
			"to": [8.75, 9.3, 9.1],
			"rotation": {"angle": 0, "axis": "y", "origin": [0, 0, -0.25]},
			"faces": {
				"north": {"uv": [6.5, 6.5, 7.25, 6.75], "texture": "#0"},
				"east": {"uv": [1.5, 10, 1.75, 10.25], "texture": "#0"},
				"south": {"uv": [0, 7, 0.75, 7.25], "texture": "#0"},
				"west": {"uv": [10, 1.5, 10.25, 1.75], "texture": "#0"},
				"up": {"uv": [1.75, 7.25, 1, 7], "texture": "#0"},
				"down": {"uv": [7.75, 1, 7, 1.25], "texture": "#0"}
			}
		},
		{
			"from": [7.25, 9.4, 8.85],
			"to": [8.75, 9.9, 9.1],
			"rotation": {"angle": 0, "axis": "y", "origin": [0, 0, -0.25]},
			"faces": {
				"north": {"uv": [7, 1.5, 7.75, 1.75], "texture": "#0"},
				"east": {"uv": [2, 10, 2.25, 10.25], "texture": "#0"},
				"south": {"uv": [2, 7, 2.75, 7.25], "texture": "#0"},
				"west": {"uv": [10, 2, 10.25, 2.25], "texture": "#0"},
				"up": {"uv": [7.75, 2.25, 7, 2], "texture": "#0"},
				"down": {"uv": [7.75, 2.5, 7, 2.75], "texture": "#0"}
			}
		},
		{
			"from": [7.5, 9.3, 8.85],
			"to": [8.75, 9.4, 9.1],
			"rotation": {"angle": 0, "axis": "y", "origin": [0, 0, -0.25]},
			"faces": {
				"north": {"uv": [3, 7, 3.75, 7.25], "texture": "#0"},
				"east": {"uv": [2.5, 10, 2.75, 10.25], "texture": "#0"},
				"south": {"uv": [7, 3, 7.75, 3.25], "texture": "#0"},
				"west": {"uv": [10, 2.5, 10.25, 2.75], "texture": "#0"},
				"up": {"uv": [7.75, 3.75, 7, 3.5], "texture": "#0"},
				"down": {"uv": [4.75, 7, 4, 7.25], "texture": "#0"}
			}
		},
		{
			"from": [7.5, 9.9, 8.85],
			"to": [8.75, 10, 9.1],
			"rotation": {"angle": 0, "axis": "y", "origin": [0, 0, -0.25]},
			"faces": {
				"north": {"uv": [7, 4, 7.75, 4.25], "texture": "#0"},
				"east": {"uv": [3, 10, 3.25, 10.25], "texture": "#0"},
				"south": {"uv": [7, 4.5, 7.75, 4.75], "texture": "#0"},
				"west": {"uv": [10, 3, 10.25, 3.25], "texture": "#0"},
				"up": {"uv": [5.75, 7.25, 5, 7], "texture": "#0"},
				"down": {"uv": [7.75, 5, 7, 5.25], "texture": "#0"}
			}
		},
		{
			"from": [7.25, 10, 8.85],
			"to": [8.75, 10.5, 9.1],
			"rotation": {"angle": 0, "axis": "y", "origin": [0, 0, -0.25]},
			"faces": {
				"north": {"uv": [7, 5.5, 7.75, 5.75], "texture": "#0"},
				"east": {"uv": [3.5, 10, 3.75, 10.25], "texture": "#0"},
				"south": {"uv": [6, 7, 6.75, 7.25], "texture": "#0"},
				"west": {"uv": [10, 3.5, 10.25, 3.75], "texture": "#0"},
				"up": {"uv": [7.75, 6.25, 7, 6], "texture": "#0"},
				"down": {"uv": [7.75, 7, 7, 7.25], "texture": "#0"}
			}
		},
		{
			"from": [7.5, 10.5, 8.85],
			"to": [8.75, 10.6, 9.1],
			"rotation": {"angle": 0, "axis": "y", "origin": [0, 0, -0.25]},
			"faces": {
				"north": {"uv": [0, 7.5, 0.75, 7.75], "texture": "#0"},
				"east": {"uv": [4, 10, 4.25, 10.25], "texture": "#0"},
				"south": {"uv": [7.5, 0, 8.25, 0.25], "texture": "#0"},
				"west": {"uv": [4.5, 10, 4.75, 10.25], "texture": "#0"},
				"up": {"uv": [8.25, 0.75, 7.5, 0.5], "texture": "#0"},
				"down": {"uv": [1.75, 7.5, 1, 7.75], "texture": "#0"}
			}
		},
		{
			"from": [7.25, 10.6, 8.85],
			"to": [8.75, 11.1, 9.1],
			"rotation": {"angle": 0, "axis": "y", "origin": [0, 0, -0.25]},
			"faces": {
				"north": {"uv": [2, 7.5, 2.75, 7.75], "texture": "#0"},
				"east": {"uv": [5, 10, 5.25, 10.25], "texture": "#0"},
				"south": {"uv": [3, 7.5, 3.75, 7.75], "texture": "#0"},
				"west": {"uv": [5.5, 10, 5.75, 10.25], "texture": "#0"},
				"up": {"uv": [4.75, 7.75, 4, 7.5], "texture": "#0"},
				"down": {"uv": [5.75, 7.5, 5, 7.75], "texture": "#0"}
			}
		},
		{
			"from": [7.5, 11.1, 8.85],
			"to": [8.75, 11.2, 9.1],
			"rotation": {"angle": 0, "axis": "y", "origin": [0, 0, -0.25]},
			"faces": {
				"north": {"uv": [6, 7.5, 6.75, 7.75], "texture": "#0"},
				"east": {"uv": [6, 10, 6.25, 10.25], "texture": "#0"},
				"south": {"uv": [7.5, 6.5, 8.25, 6.75], "texture": "#0"},
				"west": {"uv": [10, 6, 10.25, 6.25], "texture": "#0"},
				"up": {"uv": [7.75, 7.75, 7, 7.5], "texture": "#0"},
				"down": {"uv": [0.75, 8, 0, 8.25], "texture": "#0"}
			}
		},
		{
			"from": [7.25, 11.2, 8.85],
			"to": [8.75, 11.7, 9.1],
			"rotation": {"angle": 0, "axis": "y", "origin": [0, 0, -0.25]},
			"faces": {
				"north": {"uv": [1, 8, 1.75, 8.25], "texture": "#0"},
				"east": {"uv": [6.5, 10, 6.75, 10.25], "texture": "#0"},
				"south": {"uv": [8, 1, 8.75, 1.25], "texture": "#0"},
				"west": {"uv": [10, 6.5, 10.25, 6.75], "texture": "#0"},
				"up": {"uv": [8.75, 1.75, 8, 1.5], "texture": "#0"},
				"down": {"uv": [2.75, 8, 2, 8.25], "texture": "#0"}
			}
		},
		{
			"from": [7.25, 13.6, 8.85],
			"to": [8.75, 14.1, 9.1],
			"rotation": {"angle": 0, "axis": "y", "origin": [0, 0, -0.25]},
			"faces": {
				"north": {"uv": [8, 2, 8.75, 2.25], "texture": "#0"},
				"east": {"uv": [7, 10, 7.25, 10.25], "texture": "#0"},
				"south": {"uv": [8, 2.5, 8.75, 2.75], "texture": "#0"},
				"west": {"uv": [10, 7, 10.25, 7.25], "texture": "#0"},
				"up": {"uv": [3.75, 8.25, 3, 8], "texture": "#0"},
				"down": {"uv": [8.75, 3, 8, 3.25], "texture": "#0"}
			}
		},
		{
			"from": [7.5, 13.5, 8.85],
			"to": [8.75, 13.6, 9.1],
			"rotation": {"angle": 0, "axis": "y", "origin": [0, 0, -0.25]},
			"faces": {
				"north": {"uv": [8, 3.5, 8.75, 3.75], "texture": "#0"},
				"east": {"uv": [7.5, 10, 7.75, 10.25], "texture": "#0"},
				"south": {"uv": [4, 8, 4.75, 8.25], "texture": "#0"},
				"west": {"uv": [10, 7.5, 10.25, 7.75], "texture": "#0"},
				"up": {"uv": [8.75, 4.25, 8, 4], "texture": "#0"},
				"down": {"uv": [8.75, 4.5, 8, 4.75], "texture": "#0"}
			}
		},
		{
			"from": [7.25, 13, 8.85],
			"to": [8.75, 13.5, 9.1],
			"rotation": {"angle": 0, "axis": "y", "origin": [0, 0, -0.25]},
			"faces": {
				"north": {"uv": [5, 8, 5.75, 8.25], "texture": "#0"},
				"east": {"uv": [8, 10, 8.25, 10.25], "texture": "#0"},
				"south": {"uv": [8, 5, 8.75, 5.25], "texture": "#0"},
				"west": {"uv": [10, 8, 10.25, 8.25], "texture": "#0"},
				"up": {"uv": [8.75, 5.75, 8, 5.5], "texture": "#0"},
				"down": {"uv": [6.75, 8, 6, 8.25], "texture": "#0"}
			}
		},
		{
			"from": [7.5, 12.9, 8.85],
			"to": [8.75, 13, 9.1],
			"rotation": {"angle": 0, "axis": "y", "origin": [0, 0, -0.25]},
			"faces": {
				"north": {"uv": [8, 6, 8.75, 6.25], "texture": "#0"},
				"east": {"uv": [8.5, 10, 8.75, 10.25], "texture": "#0"},
				"south": {"uv": [7, 8, 7.75, 8.25], "texture": "#0"},
				"west": {"uv": [10, 8.5, 10.25, 8.75], "texture": "#0"},
				"up": {"uv": [8.75, 7.25, 8, 7], "texture": "#0"},
				"down": {"uv": [8.75, 7.5, 8, 7.75], "texture": "#0"}
			}
		},
		{
			"from": [7.25, 12.4, 8.85],
			"to": [8.75, 12.9, 9.1],
			"rotation": {"angle": 0, "axis": "y", "origin": [0, 0, -0.25]},
			"faces": {
				"north": {"uv": [8, 8, 8.75, 8.25], "texture": "#0"},
				"east": {"uv": [9, 10, 9.25, 10.25], "texture": "#0"},
				"south": {"uv": [0, 8.5, 0.75, 8.75], "texture": "#0"},
				"west": {"uv": [10, 9, 10.25, 9.25], "texture": "#0"},
				"up": {"uv": [9.25, 0.25, 8.5, 0], "texture": "#0"},
				"down": {"uv": [9.25, 0.5, 8.5, 0.75], "texture": "#0"}
			}
		},
		{
			"from": [7.25, 11.8, 8.85],
			"to": [8.75, 12.3, 9.1],
			"rotation": {"angle": 0, "axis": "y", "origin": [0, 0, -0.25]},
			"faces": {
				"north": {"uv": [1, 8.5, 1.75, 8.75], "texture": "#0"},
				"east": {"uv": [9.5, 10, 9.75, 10.25], "texture": "#0"},
				"south": {"uv": [2, 8.5, 2.75, 8.75], "texture": "#0"},
				"west": {"uv": [10, 9.5, 10.25, 9.75], "texture": "#0"},
				"up": {"uv": [3.75, 8.75, 3, 8.5], "texture": "#0"},
				"down": {"uv": [4.75, 8.5, 4, 8.75], "texture": "#0"}
			}
		},
		{
			"from": [7.5, 12.3, 8.85],
			"to": [8.75, 12.4, 9.1],
			"rotation": {"angle": 0, "axis": "y", "origin": [0, 0, -0.25]},
			"faces": {
				"north": {"uv": [5, 8.5, 5.75, 8.75], "texture": "#0"},
				"east": {"uv": [10, 10, 10.25, 10.25], "texture": "#0"},
				"south": {"uv": [6, 8.5, 6.75, 8.75], "texture": "#0"},
				"west": {"uv": [0, 10.5, 0.25, 10.75], "texture": "#0"},
				"up": {"uv": [9.25, 6.75, 8.5, 6.5], "texture": "#0"},
				"down": {"uv": [7.75, 8.5, 7, 8.75], "texture": "#0"}
			}
		},
		{
			"from": [7.5, 11.7, 8.85],
			"to": [8.75, 11.8, 9.1],
			"rotation": {"angle": 0, "axis": "y", "origin": [0, 0, -0.25]},
			"faces": {
				"north": {"uv": [8, 8.5, 8.75, 8.75], "texture": "#0"},
				"east": {"uv": [10.5, 0, 10.75, 0.25], "texture": "#0"},
				"south": {"uv": [0, 9, 0.75, 9.25], "texture": "#0"},
				"west": {"uv": [0.5, 10.5, 0.75, 10.75], "texture": "#0"},
				"up": {"uv": [1.75, 9.25, 1, 9], "texture": "#0"},
				"down": {"uv": [9.75, 1, 9, 1.25], "texture": "#0"}
			}
		},
		{
			"from": [7.25, 13.95, 8.85],
			"to": [8.75, 14.45, 9.1],
			"rotation": {"angle": 0, "axis": "y", "origin": [0, 2.25, -0.25]},
			"faces": {
				"north": {"uv": [9, 1.5, 9.75, 1.75], "texture": "#0"},
				"east": {"uv": [10.5, 0.5, 10.75, 0.75], "texture": "#0"},
				"south": {"uv": [2, 9, 2.75, 9.25], "texture": "#0"},
				"west": {"uv": [1, 10.5, 1.25, 10.75], "texture": "#0"},
				"up": {"uv": [9.75, 2.25, 9, 2], "texture": "#0"},
				"down": {"uv": [9.75, 2.5, 9, 2.75], "texture": "#0"}
			}
		},
		{
			"from": [7.65, 14.3, 8.85],
			"to": [8.9, 14.8, 9.1],
			"rotation": {"angle": 45, "axis": "z", "origin": [8, 14.2, 8.75]},
			"faces": {
				"north": {"uv": [3, 9, 3.75, 9.25], "texture": "#0"},
				"east": {"uv": [10.5, 1, 10.75, 1.25], "texture": "#0"},
				"south": {"uv": [9, 3, 9.75, 3.25], "texture": "#0"},
				"west": {"uv": [1.5, 10.5, 1.75, 10.75], "texture": "#0"},
				"up": {"uv": [9.75, 3.75, 9, 3.5], "texture": "#0"},
				"down": {"uv": [4.75, 9, 4, 9.25], "texture": "#0"}
			}
		},
		{
			"from": [7.3, 14.01, 8.85],
			"to": [7.8, 15.26, 9.1],
			"rotation": {"angle": -22.5, "axis": "z", "origin": [8, 14.2, 8.75]},
			"faces": {
				"north": {"uv": [9, 4, 9.25, 4.75], "texture": "#0"},
				"east": {"uv": [5, 9, 5.25, 9.75], "texture": "#0"},
				"south": {"uv": [9, 5, 9.25, 5.75], "texture": "#0"},
				"west": {"uv": [5.5, 9, 5.75, 9.75], "texture": "#0"},
				"up": {"uv": [10.75, 1.75, 10.5, 1.5], "texture": "#0"},
				"down": {"uv": [2.25, 10.5, 2, 10.75], "texture": "#0"}
			}
		},
		{
			"from": [7.25, 14.19, 8.85],
			"to": [7.75, 15.44, 9.1],
			"rotation": {"angle": 0, "axis": "z", "origin": [8, 14.2, 8.75]},
			"faces": {
				"north": {"uv": [6, 9, 6.25, 9.75], "texture": "#0"},
				"east": {"uv": [6.5, 9, 6.75, 9.75], "texture": "#0"},
				"south": {"uv": [7, 9, 7.25, 9.75], "texture": "#0"},
				"west": {"uv": [9, 7, 9.25, 7.75], "texture": "#0"},
				"up": {"uv": [10.75, 2.25, 10.5, 2], "texture": "#0"},
				"down": {"uv": [2.75, 10.5, 2.5, 10.75], "texture": "#0"}
			}
		},
		{
			"from": [7.54, 14.15, 8.85],
			"to": [8.79, 14.65, 9.1],
			"rotation": {"angle": 22.5, "axis": "z", "origin": [8, 14.2, 8.75]},
			"faces": {
				"north": {"uv": [9, 6, 9.75, 6.25], "texture": "#0"},
				"east": {"uv": [10.5, 2.5, 10.75, 2.75], "texture": "#0"},
				"south": {"uv": [7.5, 9, 8.25, 9.25], "texture": "#0"},
				"west": {"uv": [3, 10.5, 3.25, 10.75], "texture": "#0"},
				"up": {"uv": [9.75, 8.25, 9, 8], "texture": "#0"},
				"down": {"uv": [9.25, 9, 8.5, 9.25], "texture": "#0"}
			}
		},
		{
			"from": [6.75, 0, 7.75],
			"to": [9.25, 1, 10.25],
			"faces": {
				"north": {"uv": [2, 3, 3.25, 3.5], "texture": "#0"},
				"east": {"uv": [2, 3.5, 3.25, 4], "texture": "#0"},
				"south": {"uv": [3.5, 2, 4.75, 2.5], "texture": "#0"},
				"west": {"uv": [3.5, 2.5, 4.75, 3], "texture": "#0"},
				"up": {"uv": [1.25, 1.25, 0, 0], "texture": "#0"},
				"down": {"uv": [1.25, 1.5, 0, 2.75], "texture": "#0"}
			}
		},
		{
			"from": [7, 1, 8],
			"to": [9, 2, 10],
			"faces": {
				"north": {"uv": [5, 0, 6, 0.5], "texture": "#0"},
				"east": {"uv": [5, 0.5, 6, 1], "texture": "#0"},
				"south": {"uv": [1, 5, 2, 5.5], "texture": "#0"},
				"west": {"uv": [5, 1, 6, 1.5], "texture": "#0"},
				"up": {"uv": [2.5, 3, 1.5, 2], "texture": "#0"},
				"down": {"uv": [3.5, 2, 2.5, 3], "texture": "#0"}
			}
		},
		{
			"from": [7, 4, 8],
			"to": [9, 5, 10],
			"faces": {
				"north": {"uv": [5, 1.5, 6, 2], "texture": "#0"},
				"east": {"uv": [2, 5, 3, 5.5], "texture": "#0"},
				"south": {"uv": [5, 2, 6, 2.5], "texture": "#0"},
				"west": {"uv": [5, 2.5, 6, 3], "texture": "#0"},
				"up": {"uv": [1, 4, 0, 3], "texture": "#0"},
				"down": {"uv": [4, 0, 3, 1], "texture": "#0"}
			}
		},
		{
			"from": [6.75, 5.5, 8],
			"to": [9.25, 6.5, 10],
			"faces": {
				"north": {"uv": [3.5, 3, 4.75, 3.5], "texture": "#0"},
				"east": {"uv": [3, 5, 4, 5.5], "texture": "#0"},
				"south": {"uv": [3.5, 3.5, 4.75, 4], "texture": "#0"},
				"west": {"uv": [5, 3, 6, 3.5], "texture": "#0"},
				"up": {"uv": [2.75, 1, 1.5, 0], "texture": "#0"},
				"down": {"uv": [2.75, 1, 1.5, 2], "texture": "#0"}
			}
		},
		{
			"from": [9.05, 5.65, 8],
			"to": [9.45, 6.55, 10],
			"rotation": {"angle": 22.5, "axis": "z", "origin": [9.5, 6, 9]},
			"faces": {
				"north": {"uv": [3.5, 6, 3.75, 6.5], "texture": "#0"},
				"east": {"uv": [5, 3.5, 6, 4], "texture": "#0"},
				"south": {"uv": [9.5, 6.5, 9.75, 7], "texture": "#0"},
				"west": {"uv": [4, 5, 5, 5.5], "texture": "#0"},
				"up": {"uv": [4.25, 6.5, 4, 5.5], "texture": "#0"},
				"down": {"uv": [4.75, 5.5, 4.5, 6.5], "texture": "#0"}
			}
		},
		{
			"from": [6.55, 5.65, 8],
			"to": [6.95, 6.55, 10],
			"rotation": {"angle": -22.5, "axis": "z", "origin": [6.5, 6, 9]},
			"faces": {
				"north": {"uv": [9.5, 7, 9.75, 7.5], "texture": "#0"},
				"east": {"uv": [5, 4, 6, 4.5], "texture": "#0"},
				"south": {"uv": [7.5, 9.5, 7.75, 10], "texture": "#0"},
				"west": {"uv": [5, 4.5, 6, 5], "texture": "#0"},
				"up": {"uv": [5.25, 6.5, 5, 5.5], "texture": "#0"},
				"down": {"uv": [5.75, 5.5, 5.5, 6.5], "texture": "#0"}
			}
		},
		{
			"from": [7, 2.5, 8],
			"to": [9, 3.5, 10],
			"faces": {
				"north": {"uv": [5, 5, 6, 5.5], "texture": "#0"},
				"east": {"uv": [1, 5.5, 2, 6], "texture": "#0"},
				"south": {"uv": [2, 5.5, 3, 6], "texture": "#0"},
				"west": {"uv": [3, 5.5, 4, 6], "texture": "#0"},
				"up": {"uv": [2, 4, 1, 3], "texture": "#0"},
				"down": {"uv": [4, 1, 3, 2], "texture": "#0"}
			}
		},
		{
			"from": [7.25, 2, 8.25],
			"to": [8.75, 2.5, 9.75],
			"faces": {
				"north": {"uv": [9, 8.5, 9.75, 8.75], "texture": "#0"},
				"east": {"uv": [0, 9.5, 0.75, 9.75], "texture": "#0"},
				"south": {"uv": [9.5, 0, 10.25, 0.25], "texture": "#0"},
				"west": {"uv": [9.5, 0.5, 10.25, 0.75], "texture": "#0"},
				"up": {"uv": [1.75, 4.75, 1, 4], "texture": "#0"},
				"down": {"uv": [4.75, 1, 4, 1.75], "texture": "#0"}
			}
		},
		{
			"from": [7.25, 3.5, 8.25],
			"to": [8.75, 4, 9.75],
			"faces": {
				"north": {"uv": [1, 9.5, 1.75, 9.75], "texture": "#0"},
				"east": {"uv": [2, 9.5, 2.75, 9.75], "texture": "#0"},
				"south": {"uv": [3, 9.5, 3.75, 9.75], "texture": "#0"},
				"west": {"uv": [4, 9.5, 4.75, 9.75], "texture": "#0"},
				"up": {"uv": [2.75, 4.75, 2, 4], "texture": "#0"},
				"down": {"uv": [3.75, 4, 3, 4.75], "texture": "#0"}
			}
		},
		{
			"from": [7.25, 5, 8.25],
			"to": [8.75, 5.5, 9.75],
			"faces": {
				"north": {"uv": [9.5, 4, 10.25, 4.25], "texture": "#0"},
				"east": {"uv": [9.5, 4.5, 10.25, 4.75], "texture": "#0"},
				"south": {"uv": [9.5, 5, 10.25, 5.25], "texture": "#0"},
				"west": {"uv": [9.5, 5.5, 10.25, 5.75], "texture": "#0"},
				"up": {"uv": [4.75, 4.75, 4, 4], "texture": "#0"},
				"down": {"uv": [0.75, 5, 0, 5.75], "texture": "#0"}
			}
		}
	],
	"display": {
		"thirdperson_righthand": {
			"rotation": [0, 90, 0],
			"translation": [-1.25, 3.5, 1.25]
		},
		"thirdperson_lefthand": {
			"rotation": [-180, 90, 6],
			"translation": [-1.25, -7.25, 0.5]
		},
		"firstperson_righthand": {
			"rotation": [-23, 90, 0],
			"translation": [0.25, 5.75, 0.5]
		},
		"firstperson_lefthand": {
			"rotation": [0, -90, -136],
			"translation": [0, 0, 5.75]
		},
		"ground": {
			"rotation": [90, 0, 0],
			"translation": [0, -2.25, 0]
		},
		"gui": {
			"rotation": [0, 0, -45.5],
			"translation": [1, 0.5, 0],
			"scale": [1.25, 1.25, 1.25]
		},
		"head": {
			"translation": [0, 14.5, 0]
		},
		"fixed": {
			"rotation": [0, 0, 42.75],
			"translation": [-0.5, 1, -2.5],
			"scale": [1.5, 1.5, 1.5]
		}
	},
	"groups": [
		{
			"name": "Blade",
			"origin": [6.5, 6, 9],
			"color": 0,
			"nbt": "{}",
			"armAnimationEnabled": false,
			"children": [0, 1, 2, 3, 4, 5, 6, 7, 8, 9, 10, 11, 12, 13, 14, 15, 16, 17, 18, 19, 20, 21, 22, 23, 24, 25, 26, 27]
		},
		{
			"name": "Handle",
			"origin": [8, 8, 8],
			"color": 0,
			"nbt": "{}",
			"armAnimationEnabled": false,
			"children": [28, 29, 30, 31, 32, 33, 34, 35, 36, 37]
		}
	]
}