{
	"credit": "Made with Blockbench",
	"texture_size": [32, 32],
	"textures": {
		"0": "bong",
		"particle": "bong"
	},
	"elements": [
		{
			"from": [5, 0, 6],
			"to": [11, 0.25, 12],
			"faces": {
				"north": {"uv": [10, 9.5, 13, 10], "texture": "#0"},
				"east": {"uv": [2, 11.5, 5, 12], "texture": "#0"},
				"south": {"uv": [11.5, 2, 14.5, 2.5], "texture": "#0"},
				"west": {"uv": [11.5, 2.5, 14.5, 3], "texture": "#0"},
				"up": {"uv": [3, 3, 0, 0], "texture": "#0"},
				"down": {"uv": [3, 3, 0, 6], "texture": "#0"}
			}
		},
		{
			"from": [5, 0.25, 5],
			"to": [11, 4.25, 6],
			"faces": {
				"north": {"uv": [3, 5, 6, 7], "texture": "#0"},
				"east": {"uv": [2.5, 12, 3, 14], "texture": "#0"},
				"south": {"uv": [5.5, 0, 8.5, 2], "texture": "#0"},
				"west": {"uv": [3, 12, 3.5, 14], "texture": "#0"},
				"up": {"uv": [14.5, 3.5, 11.5, 3], "texture": "#0"},
				"down": {"uv": [14.5, 3.5, 11.5, 4], "texture": "#0"}
			}
		},
		{
			"from": [5, 0.25, 12],
			"to": [11, 4.25, 13],
			"faces": {
				"north": {"uv": [5.5, 2, 8.5, 4], "texture": "#0"},
				"east": {"uv": [3.5, 12, 4, 14], "texture": "#0"},
				"south": {"uv": [0, 6, 3, 8], "texture": "#0"},
				"west": {"uv": [4, 12, 4.5, 14], "texture": "#0"},
				"up": {"uv": [14.5, 4.5, 11.5, 4], "texture": "#0"},
				"down": {"uv": [14.5, 4.5, 11.5, 5], "texture": "#0"}
			}
		},
		{
			"from": [11, 0.25, 6],
			"to": [12, 4.25, 12],
			"faces": {
				"north": {"uv": [4.5, 12, 5, 14], "texture": "#0"},
				"east": {"uv": [6, 4, 9, 6], "texture": "#0"},
				"south": {"uv": [12, 5, 12.5, 7], "texture": "#0"},
				"west": {"uv": [6, 6, 9, 8], "texture": "#0"},
				"up": {"uv": [5.5, 14.5, 5, 11.5], "texture": "#0"},
				"down": {"uv": [12, 5, 11.5, 8], "texture": "#0"}
			}
		},
		{
			"from": [4, 0.25, 6],
			"to": [5, 4.25, 12],
			"faces": {
				"north": {"uv": [12, 7, 12.5, 9], "texture": "#0"},
				"east": {"uv": [3, 7, 6, 9], "texture": "#0"},
				"south": {"uv": [7.5, 12, 8, 14], "texture": "#0"},
				"west": {"uv": [0, 8, 3, 10], "texture": "#0"},
				"up": {"uv": [6, 14.5, 5.5, 11.5], "texture": "#0"},
				"down": {"uv": [6.5, 11.5, 6, 14.5], "texture": "#0"}
			}
		},
		{
			"from": [5, 4.25, 6],
			"to": [6, 6, 12],
			"faces": {
				"north": {"uv": [5.5, 4, 6, 5], "texture": "#0"},
				"east": {"uv": [8.5, 0, 11.5, 1], "texture": "#0"},
				"south": {"uv": [5.5, 9, 6, 10], "texture": "#0"},
				"west": {"uv": [8.5, 1, 11.5, 2], "texture": "#0"},
				"up": {"uv": [7, 14.5, 6.5, 11.5], "texture": "#0"},
				"down": {"uv": [7.5, 11.5, 7, 14.5], "texture": "#0"}
			}
		},
		{
			"from": [10, 4.25, 6],
			"to": [11, 6, 12],
			"faces": {
				"north": {"uv": [11, 12, 11.5, 13], "texture": "#0"},
				"east": {"uv": [8.5, 2, 11.5, 3], "texture": "#0"},
				"south": {"uv": [1.5, 14, 2, 15], "texture": "#0"},
				"west": {"uv": [8.5, 3, 11.5, 4], "texture": "#0"},
				"up": {"uv": [12, 13, 11.5, 10], "texture": "#0"},
				"down": {"uv": [2.5, 12, 2, 15], "texture": "#0"}
			}
		},
		{
			"from": [6, 6, 10],
			"to": [10, 7.75, 11],
			"faces": {
				"north": {"uv": [7.5, 10, 9.5, 11], "texture": "#0"},
				"east": {"uv": [2.5, 14, 3, 15], "texture": "#0"},
				"south": {"uv": [10, 8.5, 12, 9.5], "texture": "#0"},
				"west": {"uv": [3, 14, 3.5, 15], "texture": "#0"},
				"up": {"uv": [10, 12.5, 8, 12], "texture": "#0"},
				"down": {"uv": [14, 9, 12, 9.5], "texture": "#0"}
			}
		},
		{
			"from": [5.5, 7.75, 6.5],
			"to": [10.5, 9.25, 11.5],
			"faces": {
				"north": {"uv": [3, 9, 5.5, 10], "texture": "#0"},
				"east": {"uv": [9, 4, 11.5, 5], "texture": "#0"},
				"south": {"uv": [9, 5, 11.5, 6], "texture": "#0"},
				"west": {"uv": [9, 6, 11.5, 7], "texture": "#0"},
				"up": {"uv": [5.5, 2.5, 3, 0], "texture": "#0"},
				"down": {"uv": [5.5, 2.5, 3, 5], "texture": "#0"}
			}
		},
		{
			"from": [6, 9.25, 7],
			"to": [10, 9.75, 11],
			"faces": {
				"north": {"uv": [12, 10, 14, 10.5], "texture": "#0"},
				"east": {"uv": [12, 10.5, 14, 11], "texture": "#0"},
				"south": {"uv": [12, 11, 14, 11.5], "texture": "#0"},
				"west": {"uv": [12, 11.5, 14, 12], "texture": "#0"},
				"up": {"uv": [8, 10, 6, 8], "texture": "#0"},
				"down": {"uv": [10, 8, 8, 10], "texture": "#0"}
			}
		},
		{
			"from": [6.75, 9.75, 7.75],
			"to": [9.25, 10.75, 10.25],
			"faces": {
				"north": {"uv": [13.5, 1.5, 15, 2], "texture": "#0"},
				"east": {"uv": [13.5, 5, 15, 5.5], "texture": "#0"},
				"south": {"uv": [13.5, 5.5, 15, 6], "texture": "#0"},
				"west": {"uv": [13.5, 6, 15, 6.5], "texture": "#0"},
				"up": {"uv": [1.5, 11.5, 0, 10], "texture": "#0"},
				"down": {"uv": [3, 10, 1.5, 11.5], "texture": "#0"}
			}
		},
		{
			"from": [7.5, 10, 7.25],
			"to": [8.5, 10.75, 8.5],
			"rotation": {"angle": 45, "axis": "x", "origin": [8, 10.75, 7.875]},
			"faces": {
				"north": {"uv": [11.5, 8, 12, 8.5], "texture": "#0"},
				"east": {"uv": [14.5, 4.5, 15, 5], "texture": "#0"},
				"south": {"uv": [9, 14.5, 9.5, 15], "texture": "#0"},
				"west": {"uv": [9.5, 14.5, 10, 15], "texture": "#0"},
				"up": {"uv": [10.5, 15, 10, 14.5], "texture": "#0"},
				"down": {"uv": [11, 14.5, 10.5, 15], "texture": "#0"}
			}
		},
		{
			"from": [7.75, 10.25, 6],
			"to": [8.25, 10.75, 7.25],
			"rotation": {"angle": 45, "axis": "x", "origin": [8, 10.75, 7.875]},
			"faces": {
				"north": {"uv": [11, 14.5, 11.5, 15], "texture": "#0"},
				"east": {"uv": [11.5, 14.5, 12, 15], "texture": "#0"},
				"south": {"uv": [12, 14.5, 12.5, 15], "texture": "#0"},
				"west": {"uv": [12.5, 14.5, 13, 15], "texture": "#0"},
				"up": {"uv": [13.5, 15, 13, 14.5], "texture": "#0"},
				"down": {"uv": [14, 14.5, 13.5, 15], "texture": "#0"}
			}
		},
		{
			"from": [7.75, 11.54702, 5.19399],
			"to": [8.25, 12.04702, 6.44399],
			"rotation": {"angle": 22.5, "axis": "x", "origin": [8, 11.79702, 6.56899]},
			"faces": {
				"north": {"uv": [14, 14.5, 14.5, 15], "texture": "#0"},
				"east": {"uv": [14.5, 14, 15, 14.5], "texture": "#0"},
				"south": {"uv": [14.5, 14.5, 15, 15], "texture": "#0"},
				"west": {"uv": [0, 15, 0.5, 15.5], "texture": "#0"},
				"up": {"uv": [1, 15.5, 0.5, 15], "texture": "#0"},
				"down": {"uv": [2, 15, 1.5, 15.5], "texture": "#0"}
			}
		},
		{
			"from": [7.75, 12.05418, 4.14433],
			"to": [8.25, 12.55418, 5.39433],
			"rotation": {"angle": 0, "axis": "x", "origin": [8, 12.30418, 4.76933]},
			"faces": {
				"north": {"uv": [15, 1.5, 15.5, 2], "texture": "#0"},
				"east": {"uv": [2, 15, 2.5, 15.5], "texture": "#0"},
				"south": {"uv": [2.5, 15, 3, 15.5], "texture": "#0"},
				"west": {"uv": [15, 2.5, 15.5, 3], "texture": "#0"},
				"up": {"uv": [3.5, 15.5, 3, 15], "texture": "#0"},
				"down": {"uv": [15.5, 3, 15, 3.5], "texture": "#0"}
			}
		},
		{
			"from": [7.75, 11.31046, 3.62916],
			"to": [8.25, 12.56046, 4.12916],
			"rotation": {"angle": 45, "axis": "x", "origin": [8, 11.93546, 3.87916]},
			"faces": {
				"north": {"uv": [15, 3.5, 15.5, 4], "texture": "#0"},
				"east": {"uv": [15, 4, 15.5, 4.5], "texture": "#0"},
				"south": {"uv": [4.5, 15, 5, 15.5], "texture": "#0"},
				"west": {"uv": [15, 4.5, 15.5, 5], "texture": "#0"},
				"up": {"uv": [15.5, 5.5, 15, 5], "texture": "#0"},
				"down": {"uv": [15.5, 5.5, 15, 6], "texture": "#0"}
			}
		},
		{
			"from": [7.75, 10.4203, 3.26044],
			"to": [8.25, 11.6703, 3.76044],
			"rotation": {"angle": 0, "axis": "x", "origin": [8, 11.0453, 3.51044]},
			"faces": {
				"north": {"uv": [15, 6, 15.5, 6.5], "texture": "#0"},
				"east": {"uv": [15, 6.5, 15.5, 7], "texture": "#0"},
				"south": {"uv": [15, 7, 15.5, 7.5], "texture": "#0"},
				"west": {"uv": [15, 7.5, 15.5, 8], "texture": "#0"},
				"up": {"uv": [15.5, 8.5, 15, 8], "texture": "#0"},
				"down": {"uv": [15.5, 8.5, 15, 9], "texture": "#0"}
			}
		},
		{
			"from": [7.75, 9.21839, 3.00223],
			"to": [8.25, 10.46839, 3.50223],
			"rotation": {"angle": -22.5, "axis": "x", "origin": [8, 11.09339, 3.25223]},
			"faces": {
				"north": {"uv": [9, 15, 9.5, 15.5], "texture": "#0"},
				"east": {"uv": [15, 9, 15.5, 9.5], "texture": "#0"},
				"south": {"uv": [9.5, 15, 10, 15.5], "texture": "#0"},
				"west": {"uv": [15, 9.5, 15.5, 10], "texture": "#0"},
				"up": {"uv": [10.5, 15.5, 10, 15], "texture": "#0"},
				"down": {"uv": [15.5, 10, 15, 10.5], "texture": "#0"}
			}
		},
		{
			"from": [7.75, 8.20679, 3.70074],
			"to": [8.25, 9.45679, 4.20074],
			"rotation": {"angle": 0, "axis": "x", "origin": [8, 11.33179, 3.95074]},
			"faces": {
				"north": {"uv": [10.5, 15, 11, 15.5], "texture": "#0"},
				"east": {"uv": [15, 10.5, 15.5, 11], "texture": "#0"},
				"south": {"uv": [11, 15, 11.5, 15.5], "texture": "#0"},
				"west": {"uv": [15, 11, 15.5, 11.5], "texture": "#0"},
				"up": {"uv": [12, 15.5, 11.5, 15], "texture": "#0"},
				"down": {"uv": [15.5, 11.5, 15, 12], "texture": "#0"}
			}
		},
		{
			"from": [7.75, 7.10003, 3.48059],
			"to": [8.25, 8.35003, 3.98059],
			"rotation": {"angle": 22.5, "axis": "x", "origin": [8, 7.72503, 3.73059]},
			"faces": {
				"north": {"uv": [12, 15, 12.5, 15.5], "texture": "#0"},
				"east": {"uv": [15, 12, 15.5, 12.5], "texture": "#0"},
				"south": {"uv": [12.5, 15, 13, 15.5], "texture": "#0"},
				"west": {"uv": [15, 12.5, 15.5, 13], "texture": "#0"},
				"up": {"uv": [13.5, 15.5, 13, 15], "texture": "#0"},
				"down": {"uv": [15.5, 13, 15, 13.5], "texture": "#0"}
			}
		},
		{
			"from": [7.75, 5.99328, 3.26044],
			"to": [8.25, 7.24328, 3.76044],
			"rotation": {"angle": 0, "axis": "x", "origin": [8, 6.61828, 3.51044]},
			"faces": {
				"north": {"uv": [13.5, 15, 14, 15.5], "texture": "#0"},
				"east": {"uv": [15, 13.5, 15.5, 14], "texture": "#0"},
				"south": {"uv": [14, 15, 14.5, 15.5], "texture": "#0"},
				"west": {"uv": [15, 14, 15.5, 14.5], "texture": "#0"},
				"up": {"uv": [15, 15.5, 14.5, 15], "texture": "#0"},
				"down": {"uv": [15.5, 14.5, 15, 15], "texture": "#0"}
			}
		},
		{
			"from": [7.75, 4.74328, 3.26044],
			"to": [8.25, 5.99328, 3.76044],
			"rotation": {"angle": 0, "axis": "x", "origin": [8, 6.61828, 3.51044]},
			"faces": {
				"north": {"uv": [15, 15, 15.5, 15.5], "texture": "#0"},
				"east": {"uv": [0, 15.5, 0.5, 16], "texture": "#0"},
				"south": {"uv": [15.5, 0, 16, 0.5], "texture": "#0"},
				"west": {"uv": [0.5, 15.5, 1, 16], "texture": "#0"},
				"up": {"uv": [16, 1, 15.5, 0.5], "texture": "#0"},
				"down": {"uv": [1.5, 15.5, 1, 16], "texture": "#0"}
			}
		},
		{
			"from": [7.75, 3.63653, 3.04029],
			"to": [8.25, 4.88653, 3.54029],
			"rotation": {"angle": 22.5, "axis": "x", "origin": [8, 4.26153, 3.29029]},
			"faces": {
				"north": {"uv": [15.5, 1, 16, 1.5], "texture": "#0"},
				"east": {"uv": [1.5, 15.5, 2, 16], "texture": "#0"},
				"south": {"uv": [15.5, 1.5, 16, 2], "texture": "#0"},
				"west": {"uv": [2, 15.5, 2.5, 16], "texture": "#0"},
				"up": {"uv": [16, 2.5, 15.5, 2], "texture": "#0"},
				"down": {"uv": [3, 15.5, 2.5, 16], "texture": "#0"}
			}
		},
		{
			"from": [7.75, 2.69827, 2.41337],
			"to": [8.25, 3.94827, 2.91337],
			"rotation": {"angle": 45, "axis": "x", "origin": [8, 3.32327, 2.66337]},
			"faces": {
				"north": {"uv": [15.5, 2.5, 16, 3], "texture": "#0"},
				"east": {"uv": [3, 15.5, 3.5, 16], "texture": "#0"},
				"south": {"uv": [15.5, 3, 16, 3.5], "texture": "#0"},
				"west": {"uv": [3.5, 15.5, 4, 16], "texture": "#0"},
				"up": {"uv": [16, 4, 15.5, 3.5], "texture": "#0"},
				"down": {"uv": [4.5, 15.5, 4, 16], "texture": "#0"}
			}
		},
		{
			"from": [7.75, 1.76001, 1.78644],
			"to": [8.25, 3.01001, 2.28644],
			"rotation": {"angle": 22.5, "axis": "x", "origin": [8, 2.38501, 2.03644]},
			"faces": {
				"north": {"uv": [15.5, 4, 16, 4.5], "texture": "#0"},
				"east": {"uv": [4.5, 15.5, 5, 16], "texture": "#0"},
				"south": {"uv": [15.5, 4.5, 16, 5], "texture": "#0"},
				"west": {"uv": [5, 15.5, 5.5, 16], "texture": "#0"},
				"up": {"uv": [16, 5.5, 15.5, 5], "texture": "#0"},
				"down": {"uv": [6, 15.5, 5.5, 16], "texture": "#0"}
			}
		},
		{
			"from": [7.75, 0.65325, 1.5663],
			"to": [8.25, 1.90325, 2.0663],
			"rotation": {"angle": 0, "axis": "x", "origin": [8, 1.27825, 1.8163]},
			"faces": {
				"north": {"uv": [15.5, 5.5, 16, 6], "texture": "#0"},
				"east": {"uv": [6, 15.5, 6.5, 16], "texture": "#0"},
				"south": {"uv": [15.5, 6, 16, 6.5], "texture": "#0"},
				"west": {"uv": [6.5, 15.5, 7, 16], "texture": "#0"},
				"up": {"uv": [16, 7, 15.5, 6.5], "texture": "#0"},
				"down": {"uv": [7.5, 15.5, 7, 16], "texture": "#0"}
			}
		},
		{
			"from": [7.75, 0.13809, 0.82258],
			"to": [8.25, 0.63809, 2.07258],
			"rotation": {"angle": -45, "axis": "x", "origin": [8, 0.38809, 1.44758]},
			"faces": {
				"north": {"uv": [15.5, 7, 16, 7.5], "texture": "#0"},
				"east": {"uv": [7.5, 15.5, 8, 16], "texture": "#0"},
				"south": {"uv": [15.5, 7.5, 16, 8], "texture": "#0"},
				"west": {"uv": [8, 15.5, 8.5, 16], "texture": "#0"},
				"up": {"uv": [16, 8.5, 15.5, 8], "texture": "#0"},
				"down": {"uv": [9, 15.5, 8.5, 16], "texture": "#0"}
			}
		},
		{
			"from": [7.75, -0.23063, -0.06759],
			"to": [8.25, 0.26937, 1.18241],
			"rotation": {"angle": 0, "axis": "x", "origin": [8, 0.01937, 1.30741]},
			"faces": {
				"north": {"uv": [15.5, 8.5, 16, 9], "texture": "#0"},
				"east": {"uv": [9, 15.5, 9.5, 16], "texture": "#0"},
				"south": {"uv": [15.5, 9, 16, 9.5], "texture": "#0"},
				"west": {"uv": [9.5, 15.5, 10, 16], "texture": "#0"},
				"up": {"uv": [16, 10, 15.5, 9.5], "texture": "#0"},
				"down": {"uv": [10.5, 15.5, 10, 16], "texture": "#0"}
			}
		},
		{
			"from": [7.25, 10.75, 8.25],
			"to": [8.75, 12, 9.75],
			"faces": {
				"north": {"uv": [9, 12.5, 10, 13], "texture": "#0"},
				"east": {"uv": [3.5, 14, 4.5, 14.5], "texture": "#0"},
				"south": {"uv": [7.5, 14, 8.5, 14.5], "texture": "#0"},
				"west": {"uv": [8.5, 14, 9.5, 14.5], "texture": "#0"},
				"up": {"uv": [10, 8, 9, 7], "texture": "#0"},
				"down": {"uv": [11, 12, 10, 13], "texture": "#0"}
			}
		},
		{
			"from": [7.25, 13.25, 8.25],
			"to": [8.75, 14.5, 9.75],
			"faces": {
				"north": {"uv": [14, 9, 15, 9.5], "texture": "#0"},
				"east": {"uv": [9.5, 14, 10.5, 14.5], "texture": "#0"},
				"south": {"uv": [14, 10, 15, 10.5], "texture": "#0"},
				"west": {"uv": [10.5, 14, 11.5, 14.5], "texture": "#0"},
				"up": {"uv": [13, 13, 12, 12], "texture": "#0"},
				"down": {"uv": [1, 12.5, 0, 13.5], "texture": "#0"}
			}
		},
		{
			"from": [7.25, 14.5, 8.25],
			"to": [8.75, 15.5, 9.75],
			"faces": {
				"north": {"uv": [14, 10.5, 15, 11], "texture": "#0"},
				"east": {"uv": [14, 11, 15, 11.5], "texture": "#0"},
				"south": {"uv": [11.5, 14, 12.5, 14.5], "texture": "#0"},
				"west": {"uv": [14, 11.5, 15, 12], "texture": "#0"},
				"up": {"uv": [2, 13.5, 1, 12.5], "texture": "#0"},
				"down": {"uv": [13.5, 5, 12.5, 6], "texture": "#0"}
			}
		},
		{
			"from": [7.5, 15.75, 8.5],
			"to": [8.5, 16.75, 9.5],
			"faces": {
				"north": {"uv": [15.5, 10, 16, 10.5], "texture": "#0"},
				"east": {"uv": [10.5, 15.5, 11, 16], "texture": "#0"},
				"south": {"uv": [15.5, 10.5, 16, 11], "texture": "#0"},
				"west": {"uv": [11, 15.5, 11.5, 16], "texture": "#0"},
				"up": {"uv": [16, 11.5, 15.5, 11], "texture": "#0"},
				"down": {"uv": [12, 15.5, 11.5, 16], "texture": "#0"}
			}
		},
		{
			"from": [7.25, 16.75, 8.25],
			"to": [8.75, 17.25, 9.75],
			"faces": {
				"north": {"uv": [14, 12, 15, 12.5], "texture": "#0"},
				"east": {"uv": [12.5, 14, 13.5, 14.5], "texture": "#0"},
				"south": {"uv": [14, 12.5, 15, 13], "texture": "#0"},
				"west": {"uv": [14, 13, 15, 13.5], "texture": "#0"},
				"up": {"uv": [13.5, 7, 12.5, 6], "texture": "#0"},
				"down": {"uv": [13.5, 7, 12.5, 8], "texture": "#0"}
			}
		},
		{
			"from": [7, 17.25, 8],
			"to": [9, 17.5, 10],
			"faces": {
				"north": {"uv": [13.5, 14, 14.5, 14.5], "texture": "#0"},
				"east": {"uv": [14, 13.5, 15, 14], "texture": "#0"},
				"south": {"uv": [0, 14.5, 1, 15], "texture": "#0"},
				"west": {"uv": [14.5, 2, 15.5, 2.5], "texture": "#0"},
				"up": {"uv": [9, 13.5, 8, 12.5], "texture": "#0"},
				"down": {"uv": [13.5, 8, 12.5, 9], "texture": "#0"}
			}
		},
		{
			"from": [6.75, 15.5, 7.75],
			"to": [9.25, 15.75, 10.25],
			"faces": {
				"north": {"uv": [13.5, 6.5, 15, 7], "texture": "#0"},
				"east": {"uv": [13.5, 7, 15, 7.5], "texture": "#0"},
				"south": {"uv": [13.5, 7.5, 15, 8], "texture": "#0"},
				"west": {"uv": [8, 13.5, 9.5, 14], "texture": "#0"},
				"up": {"uv": [4.5, 11.5, 3, 10], "texture": "#0"},
				"down": {"uv": [6, 10, 4.5, 11.5], "texture": "#0"}
			}
		},
		{
			"from": [6.5, 15.75, 7.5],
			"to": [9.5, 16, 10.5],
			"faces": {
				"north": {"uv": [13.5, 8, 15, 8.5], "texture": "#0"},
				"east": {"uv": [13.5, 8.5, 15, 9], "texture": "#0"},
				"south": {"uv": [9.5, 13.5, 11, 14], "texture": "#0"},
				"west": {"uv": [0, 14, 1.5, 14.5], "texture": "#0"},
				"up": {"uv": [7.5, 11.5, 6, 10], "texture": "#0"},
				"down": {"uv": [11.5, 7, 10, 8.5], "texture": "#0"}
			}
		},
		{
			"from": [7.5, 12, 8.5],
			"to": [8.5, 13.25, 9.5],
			"faces": {
				"north": {"uv": [15.5, 11.5, 16, 12], "texture": "#0"},
				"east": {"uv": [12, 15.5, 12.5, 16], "texture": "#0"},
				"south": {"uv": [15.5, 12, 16, 12.5], "texture": "#0"},
				"west": {"uv": [12.5, 15.5, 13, 16], "texture": "#0"},
				"up": {"uv": [16, 13, 15.5, 12.5], "texture": "#0"},
				"down": {"uv": [13.5, 15.5, 13, 16], "texture": "#0"}
			}
		},
		{
			"from": [6, 6, 7],
			"to": [10, 7.75, 8],
			"faces": {
				"north": {"uv": [9.5, 10, 11.5, 11], "texture": "#0"},
				"east": {"uv": [4.5, 14, 5, 15], "texture": "#0"},
				"south": {"uv": [7.5, 11, 9.5, 12], "texture": "#0"},
				"west": {"uv": [1, 14.5, 1.5, 15.5], "texture": "#0"},
				"up": {"uv": [11, 13.5, 9, 13], "texture": "#0"},
				"down": {"uv": [15, 9.5, 13, 10], "texture": "#0"}
			}
		},
		{
			"from": [6, 6, 8],
			"to": [7, 7.75, 10],
			"faces": {
				"north": {"uv": [14.5, 2.5, 15, 3.5], "texture": "#0"},
				"east": {"uv": [11, 13, 12, 14], "texture": "#0"},
				"south": {"uv": [3.5, 14.5, 4, 15.5], "texture": "#0"},
				"west": {"uv": [12, 13, 13, 14], "texture": "#0"},
				"up": {"uv": [15, 4.5, 14.5, 3.5], "texture": "#0"},
				"down": {"uv": [4.5, 14.5, 4, 15.5], "texture": "#0"}
			}
		},
		{
			"from": [9, 6, 8],
			"to": [10, 7.75, 10],
			"faces": {
				"north": {"uv": [5, 14.5, 5.5, 15.5], "texture": "#0"},
				"east": {"uv": [13, 12, 14, 13], "texture": "#0"},
				"south": {"uv": [5.5, 14.5, 6, 15.5], "texture": "#0"},
				"west": {"uv": [13, 13, 14, 14], "texture": "#0"},
				"up": {"uv": [6.5, 15.5, 6, 14.5], "texture": "#0"},
				"down": {"uv": [7, 14.5, 6.5, 15.5], "texture": "#0"}
			}
		},
		{
			"from": [6, 4.25, 11],
			"to": [10, 6, 12],
			"faces": {
				"north": {"uv": [9.5, 11, 11.5, 12], "texture": "#0"},
				"east": {"uv": [7, 14.5, 7.5, 15.5], "texture": "#0"},
				"south": {"uv": [0, 11.5, 2, 12.5], "texture": "#0"},
				"west": {"uv": [7.5, 14.5, 8, 15.5], "texture": "#0"},
				"up": {"uv": [2, 14, 0, 13.5], "texture": "#0"},
				"down": {"uv": [15.5, 0, 13.5, 0.5], "texture": "#0"}
			}
		},
		{
			"from": [6, 4.25, 6],
			"to": [10, 6, 7],
			"faces": {
				"north": {"uv": [11.5, 0, 13.5, 1], "texture": "#0"},
				"east": {"uv": [8, 14.5, 8.5, 15.5], "texture": "#0"},
				"south": {"uv": [11.5, 1, 13.5, 2], "texture": "#0"},
				"west": {"uv": [8.5, 14.5, 9, 15.5], "texture": "#0"},
				"up": {"uv": [15.5, 1, 13.5, 0.5], "texture": "#0"},
				"down": {"uv": [15.5, 1, 13.5, 1.5], "texture": "#0"}
			}
		}
	],
	"display": {
		"thirdperson_righthand": {
			"translation": [0, 1.5, 0],
			"scale": [0.5, 0.5, 0.5]
		},
		"thirdperson_lefthand": {
			"scale": [0.5, 0.5, 0.5]
		},
		"firstperson_righthand": {
			"rotation": [0, 74, 0],
			"translation": [0, 1.75, 0]
		},
		"firstperson_lefthand": {
			"rotation": [0, -85, 0]
		},
		"ground": {
			"translation": [0, 3.5, 0]
		},
		"gui": {
			"rotation": [29, 50, 0],
			"translation": [0, 0.75, 0]
		},
		"head": {
			"rotation": [0, -49.5, 0],
			"translation": [0, 14.25, 0]
		},
		"fixed": {
			"rotation": [-90, 0, 0],
			"translation": [0, -3.25, -24],
			"scale": [3, 3, 3]
		}
	}
}