{
	"credit": "Made with Blockbench",
	"textures": {
		"0": "cigarette",
		"particle": "cigarette"
	},
	"elements": [
		{
			"from": [8, 0, 4],
			"to": [9, 1, 10],
			"faces": {
				"north": {"uv": [4, 4, 6, 6], "texture": "#0"},
				"east": {"uv": [0, 0, 12, 2], "texture": "#0"},
				"south": {"uv": [4, 6, 6, 8], "texture": "#0"},
				"west": {"uv": [0, 2, 12, 4], "texture": "#0"},
				"up": {"uv": [2, 16, 0, 4], "texture": "#0"},
				"down": {"uv": [4, 4, 2, 16], "texture": "#0"}
			}
		},
		{
			"from": [8.25, 2, 10],
			"to": [8.25, 3.75, 10.75],
			"rotation": {"angle": 0, "axis": "y", "origin": [8.75, 2.625, 10.375]},
			"faces": {
				"north": {"uv": [5, 9, 5, 11], "texture": "#0"},
				"east": {"uv": [13, 2, 14, 4], "texture": "#0"},
				"south": {"uv": [10, 12, 10, 14], "texture": "#0"},
				"west": {"uv": [6, 13, 7, 15], "texture": "#0"},
				"up": {"uv": [8, 10, 8, 9], "texture": "#0"},
				"down": {"uv": [8, 6, 8, 7], "texture": "#0"}
			}
		},
		{
			"from": [8.25, 3.75, 10.5],
			"to": [8.25, 5.25, 11.25],
			"rotation": {"angle": 0, "axis": "y", "origin": [8.75, 3.875, 10.875]},
			"faces": {
				"north": {"uv": [9, 12, 9.2, 14.9], "texture": "#0"},
				"east": {"uv": [11, 9, 11.375, 9.75], "texture": "#0"},
				"south": {"uv": [13, 13, 13, 14.5], "texture": "#0"},
				"west": {"uv": [10, 6, 10.375, 6.75], "texture": "#0"},
				"up": {"uv": [13.7, 5.6, 13.7, 6.35], "texture": "#0"},
				"down": {"uv": [15, 1, 15, 1.75], "texture": "#0"}
			}
		},
		{
			"from": [8, 6.25, 11.25],
			"to": [8, 7, 12],
			"rotation": {"angle": 0, "axis": "y", "origin": [8.75, 3.875, 10.875]},
			"faces": {
				"north": {"uv": [8, 7, 8.2, 8], "texture": "#0"},
				"east": {"uv": [7, 5, 8, 6], "texture": "#0"},
				"south": {"uv": [10.8, 11.7, 9.9, 12.7], "texture": "#0"},
				"west": {"uv": [6, 13, 7, 14], "texture": "#0"},
				"up": {"uv": [13, 9, 13, 8], "texture": "#missing"},
				"down": {"uv": [11, 10, 11, 11], "texture": "#missing"}
			}
		}
	],
	"display": {
		"thirdperson_righthand": {
			"rotation": [29, -180, 0],
			"translation": [0, 7, 2.5]
		},
		"thirdperson_lefthand": {
			"rotation": [46, 0, 0],
			"translation": [0, -0.75, 8.5]
		},
		"firstperson_righthand": {
			"rotation": [0, -180, 0],
			"translation": [0, 11.75, 0.25],
			"scale": [1.25, 1.25, 1.25]
		},
		"firstperson_lefthand": {
			"rotation": [0, -180, 0],
			"translation": [-14, 11.5, -2.25],
			"scale": [1.4, 1.4, 1.4]
		},
		"ground": {
			"rotation": [0, 0, 90],
			"translation": [-3.75, -3.5, 0]
		},
		"gui": {
			"rotation": [-90, 50.25, 90],
			"translation": [-5.5, 6.25, 0],
			"scale": [1.4, 1.4, 1.4]
		},
		"head": {
			"rotation": [0, -180, 0],
			"translation": [2, 5.25, -11],
			"scale": [1.25, 1.25, 1.25]
		},
		"fixed": {
			"rotation": [-90, 33.25, 90],
			"translation": [-7.75, 6.75, -0.25],
			"scale": [1.4, 1.4, 1.4]
		}
	},
	"groups": [
		{
			"name": "base",
			"origin": [8, 8, 8],
			"color": 0,
			"nbt": "{}",
			"armAnimationEnabled": false,
			"children": [0]
		},
		{
			"name": "smoke",
			"origin": [8, 8, 8],
			"color": 0,
			"nbt": "{}",
			"armAnimationEnabled": false,
			"children": [1, 2, 3]
		}
	]
}